"meta:instanceID","pisci_form:pisci_name","pisci_form:pisci_date","pisci_form:pisci_comu","pisci_form:pisci_socio","pisci_form:pisci_geo:Latitude","pisci_form:pisci_geo:Longitude","pisci_form:pisci_geo:Altitude","pisci_form:pisci_geo:Accuracy","pisci_form:pisci_corres","pisci_form:pisic_otropunto","pisci_form:pisci_agua","pisci_form:pisci_fuente","pisci_form:pisci_otrofuente","pisci_form:pisci_area","pisci_form:pisci_map","pisci_form:pisci_foto","pisci_form:pisci_audio","pisci_form:pisci_video","pisci_form:pisci_observ"
"uuid:abe70086-8dd4-4fe7-a73b-9b48af44daaa","Paola","2022-01-24","Papapaapa","Papañaña apañaña","-0.2957087000","-78.4841238000","2577.8999023438","13.1700000763","3","Lllll","1","2",,"Kkkk","-0.2954212152386108 -78.48464973270893 0.0 0.0;-0.29525592630396696 -78.48500244319439 0.0 0.0;-0.2958024191210767 -78.48514527082442 0.0 0.0;-0.29639350303960077 -78.48503094166517 0.0 0.0;-0.2966791544738971 -78.48450019955635 0.0 0.0;-0.296218491241709","http://80.241.217.8:8080/ODKAggregate/view/binaryData?blobKey=build_Untitled-Form_1643038052%5B%40version%3Dnull+and+%40uiVersion%3Dnull%5D%2Fdata%5B%40key%3Duuid%3Aabe70086-8dd4-4fe7-a73b-9b48af44daaa%5D%2Fpisci_form%3Apisci_foto","http://80.241.217.8:8080/ODKAggregate/view/binaryData?blobKey=build_Untitled-Form_1643038052%5B%40version%3Dnull+and+%40uiVersion%3Dnull%5D%2Fdata%5B%40key%3Duuid%3Aabe70086-8dd4-4fe7-a73b-9b48af44daaa%5D%2Fpisci_form%3Apisci_audio","http://80.241.217.8:8080/ODKAggregate/view/binaryData?blobKey=build_Untitled-Form_1643038052%5B%40version%3Dnull+and+%40uiVersion%3Dnull%5D%2Fdata%5B%40key%3Duuid%3Aabe70086-8dd4-4fe7-a73b-9b48af44daaa%5D%2Fpisci_form%3Apisci_video","Kekemdmd"
"uuid:60c37c99-84e0-40cc-956d-98a622a7fd24","Elisa Tapuy","2022-01-24","Itaya","Elisa Tapuy","-0.4237730000","-76.5352308000","257.2999877930","10.7200002670","2",,"1","2",,"250","-0.4237123 -76.535235 257.29998779296875 6.432;-0.4236816 -76.5352001 257.29998779296875 9.648;-0.4237068 -76.5352065 257.29998779296875 9.112;-0.4237115 -76.5352064 257.29998779296875 7.504;-0.4237317 -76.5351937 257.29998779296875 6.968;-0.4237426 -76.5","http://80.241.217.8:8080/ODKAggregate/view/binaryData?blobKey=build_Untitled-Form_1643038052%5B%40version%3Dnull+and+%40uiVersion%3Dnull%5D%2Fdata%5B%40key%3Duuid%3A60c37c99-84e0-40cc-956d-98a622a7fd24%5D%2Fpisci_form%3Apisci_foto",,"http://80.241.217.8:8080/ODKAggregate/view/binaryData?blobKey=build_Untitled-Form_1643038052%5B%40version%3Dnull+and+%40uiVersion%3Dnull%5D%2Fdata%5B%40key%3Duuid%3A60c37c99-84e0-40cc-956d-98a622a7fd24%5D%2Fpisci_form%3Apisci_video","Sembró 900 alevines de cachama y tiene dos piscinas. Señala que a la fecha tienen más de una libra. Sembró el 26 de agosto"
"uuid:75e02308-203a-4966-b43e-20c78320ffb3","Antonio","2022-01-24","Itaya","Carla Licuy","-0.3960197000","-76.5458119000","256.7525634766","6.4320001602","2",,"1","2",,"200","-0.3959637 -76.5458435 244.255859375 7.504;-0.3959779 -76.5458409 244.38916015625 8.576;-0.3959779 -76.545844 244.60589599609375 7.504;-0.3959793 -76.5458444 243.5118408203125 5.896;-0.3959618 -76.5458574 248.8507080078125 9.427;-0.3959295 -76.5458834 249","http://80.241.217.8:8080/ODKAggregate/view/binaryData?blobKey=build_Untitled-Form_1643038052%5B%40version%3Dnull+and+%40uiVersion%3Dnull%5D%2Fdata%5B%40key%3Duuid%3A75e02308-203a-4966-b43e-20c78320ffb3%5D%2Fpisci_form%3Apisci_foto",,,"Está en producción."
"uuid:b9fbe8ed-477a-428c-bc06-8a844acd98e6","Jaime","2022-01-24","Itaya","Lisa Chimbo","-0.3922197000","-76.5457487000","260.2133789063","7.5040001869","2",,"1","2",,"500","-0.3919386 -76.545683 266.424560546875 7.504;-0.3919421 -76.5456822 269.103271484375 8.04;-0.3920016 -76.5457255 264.32708740234375 7.504;-0.3920327 -76.5457433 263.822265625 7.861;-0.3920874 -76.5457723 265.6697998046875 9.112;-0.3921351 -76.5457915 263.","http://80.241.217.8:8080/ODKAggregate/view/binaryData?blobKey=build_Untitled-Form_1643038052%5B%40version%3Dnull+and+%40uiVersion%3Dnull%5D%2Fdata%5B%40key%3Duuid%3Ab9fbe8ed-477a-428c-bc06-8a844acd98e6%5D%2Fpisci_form%3Apisci_foto",,,"El nivel de agua es bajo. No hay mucho cuidado del cultivo"
"uuid:9b0d9407-0e79-4117-9f2c-7fe14588bbba","Jaime","2022-01-24","Itaya","Honorato Marian","-0.3972514000","-76.5530812000","264.1502685547","8.5760002136","2",,"1","2",,"700","-0.39731 -76.5529421 272.39599609375 9.648;-0.3972903 -76.5529466 271.8416748046875 8.576;-0.3972876 -76.5529492 271.4500732421875 7.504;-0.3971303 -76.5530105 273.085693359375 7.504;-0.3971136 -76.5530596 274.48577880859375 8.576;-0.3971136 -76.5530596 2","http://80.241.217.8:8080/ODKAggregate/view/binaryData?blobKey=build_Untitled-Form_1643038052%5B%40version%3Dnull+and+%40uiVersion%3Dnull%5D%2Fdata%5B%40key%3Duuid%3A9b0d9407-0e79-4117-9f2c-7fe14588bbba%5D%2Fpisci_form%3Apisci_foto",,,"Por problema de salud no alimentó por un mes. Van a construir un nuevo estanque de 700. Estará para finales de febrero."
"uuid:1620dc48-8e5f-4161-8d99-531bf2737217","Jaime","2022-01-24","Itaya","Johana Shiguango","-0.3986136000","-76.5393104000","267.9989013672","8.0399999619","2",,"1","2",,"150","-0.3985474 -76.5392959 262.4132080078125 8.576;-0.3985304 -76.5393053 265.48382568359375 9.112;-0.3984905 -76.53928 269.6063232421875 7.504;-0.3984683 -76.5392565 268.8524169921875 8.576;-0.3984606 -76.5392361 259.70452880859375 9.648;-0.3984694 -76.53922","http://80.241.217.8:8080/ODKAggregate/view/binaryData?blobKey=build_Untitled-Form_1643038052%5B%40version%3Dnull+and+%40uiVersion%3Dnull%5D%2Fdata%5B%40key%3Duuid%3A1620dc48-8e5f-4161-8d99-531bf2737217%5D%2Fpisci_form%3Apisci_foto",,,"Bajó el nivel del agua cuando talaron alredor. Alimentación con balanceado. Cuando no hay no comen."
"uuid:26deb9a7-f904-458c-88af-fcce95f32421","Antonio","2022-01-25","Río Jivino San Jacinto Rodríguez","Fernando Rodríguez","-0.3682133000","-76.6273050000","235.1000000000","1.7500000000","2",,"1","2",,"300","-0.3681641 -76.6272695 234.2 1.733;-0.3681805 -76.627285 233.7 1.7;-0.3682032 -76.6273026 233.6 1.68;-0.36822 -76.6273537 233.4 1.76;-0.3682094 -76.6274081 233.8 1.76;-0.3682061 -76.6274689 233.5 1.7;-0.3682009 -76.6275279 232.6 1.54;-0.3681911 -76.627553","http://80.241.217.8:8080/ODKAggregate/view/binaryData?blobKey=build_Untitled-Form_1643038052%5B%40version%3Dnull+and+%40uiVersion%3Dnull%5D%2Fdata%5B%40key%3Duuid%3A26deb9a7-f904-458c-88af-fcce95f32421%5D%2Fpisci_form%3Apisci_foto",,,"Desarrollo del cultivo normal"
"uuid:19cc0770-bcf6-41d4-83ef-6ac7ce28a99f","Antonio","2022-01-25","Río Jivino (San Jacinto)","Henry Rodríguez","-0.3687645000","-76.6258882000","239.0000000000","1.7999999523","2",,"1","2",,"1200","-0.3688049 -76.6258075 238.5 3.14;-0.3688599 -76.6257661 238.5 2.74;-0.3688975 -76.6257674 238.4 2.216;-0.3688832 -76.6258009 238.2 1.95;-0.3688249 -76.6258709 238.4 1.96;-0.3688109 -76.6259116 238.4 2.0;-0.3687921 -76.6259373 239.6 2.0;-0.3687617 -76.625","http://80.241.217.8:8080/ODKAggregate/view/binaryData?blobKey=build_Untitled-Form_1643038052%5B%40version%3Dnull+and+%40uiVersion%3Dnull%5D%2Fdata%5B%40key%3Duuid%3A19cc0770-bcf6-41d4-83ef-6ac7ce28a99f%5D%2Fpisci_form%3Apisci_foto",,,"Esta a ocho minutos de la casa, estanque grande, no manejan de manera adecuada el alimento para los peces."
"uuid:7a23d957-2973-4152-91d9-be7288a26d67","Antonio","2022-01-25","Río Jivino (San Jacinto)","Alejo Shiguango","-0.3701813000","-76.6251576000","183.4000000000","9.2040004730","2",,"1","2",,"1500","-0.3705873 -76.6244552 183.7 3.84;-0.3705636 -76.6244012 183.7 3.18;-0.370518 -76.6243906 183.6 3.06;-0.37045 -76.6243893 183.7 2.916;-0.3704009 -76.6244082 185.2 2.48;-0.3703321 -76.6244173 189.4 1.98;-0.3702762 -76.6244268 192.8 2.02;-0.3701679 -76.6244","http://80.241.217.8:8080/ODKAggregate/view/binaryData?blobKey=build_Untitled-Form_1643038052%5B%40version%3Dnull+and+%40uiVersion%3Dnull%5D%2Fdata%5B%40key%3Duuid%3A7a23d957-2973-4152-91d9-be7288a26d67%5D%2Fpisci_form%3Apisci_foto",,,"Área aproximada 1500 metros cuadrados. Cerca de la casa buena calidad de agua."
"uuid:023c996f-177e-4edf-a59d-5e90940b5d0b","Antonio","2022-01-25","Santa Elena","Jaime Grefa","-0.3609890000","-76.6082187000","237.5000000000","3.3499999046","2",,"1","2",,"250","-0.3610428 -76.608259 240.3 2.08;-0.3609985 -76.6082239 241.2 1.966;-0.3608923 -76.6082119 241.4 1.933;-0.3607975 -76.6082458 247.3 1.9;-0.3607908 -76.6082664 246.1 1.916;-0.3607216 -76.6083011 245.6 1.883;-0.3606464 -76.608348 248.9 1.96;-0.3606781 -76.6","http://80.241.217.8:8080/ODKAggregate/view/binaryData?blobKey=build_Untitled-Form_1643038052%5B%40version%3Dnull+and+%40uiVersion%3Dnull%5D%2Fdata%5B%40key%3Duuid%3A023c996f-177e-4edf-a59d-5e90940b5d0b%5D%2Fpisci_form%3Apisci_foto",,,"Estanque con  espejo de agua lleno de algas"
"uuid:b9e7f37c-d0d9-4198-bbb6-40abf6bb98e2","Antonio","2022-01-25","Santa Elena","Franklin Grefa","-0.3704968000","-76.5666385000","240.8000000000","4.2500000000","2",,"1","2",,"600","-0.3705629 -76.5665976 242.3 3.55;-0.3706403 -76.5666963 241.3 2.08;-0.3708196 -76.5667555 243.1 2.0;-0.3705629 -76.5665976 242.3 3.55","http://80.241.217.8:8080/ODKAggregate/view/binaryData?blobKey=build_Untitled-Form_1643038052%5B%40version%3Dnull+and+%40uiVersion%3Dnull%5D%2Fdata%5B%40key%3Duuid%3Ab9e7f37c-d0d9-4198-bbb6-40abf6bb98e2%5D%2Fpisci_form%3Apisci_foto",,,"Estanque con tilapia y cachama"
"uuid:8df5227e-a0ed-4638-9f4c-f5a648e7c907","Antonio","2022-01-25","Santa Elena","Franklin Grefa","-0.3708863000","-76.5667435000","242.5000000000","2.9330000877","2",,"1","2",,"300 metros cuadrados","-0.3708738 -76.5667867 242.8 3.62;-0.3708732 -76.5668006 241.1 2.0;-0.3707774 -76.5668922 241.0 2.0;-0.370889 -76.5668343 245.7 2.1;-0.3708738 -76.5667867 242.8 3.62","http://80.241.217.8:8080/ODKAggregate/view/binaryData?blobKey=build_Untitled-Form_1643038052%5B%40version%3Dnull+and+%40uiVersion%3Dnull%5D%2Fdata%5B%40key%3Duuid%3A8df5227e-a0ed-4638-9f4c-f5a648e7c907%5D%2Fpisci_form%3Apisci_foto",,,"Estanque para preparar"
"uuid:aaf082c4-8862-42f4-b5ce-13a4412b8782","Antonio","2022-01-25","Santa Elena","Enoc Cerda","-0.3640499000","-76.6018518000","252.4000000000","1.7000000477","2",,"1","2",,"300 metros cuadrados","-0.3640108 -76.6018365 251.5 3.846;-0.364128 -76.6017482 251.4 1.88;-0.3639943 -76.6017369 251.9 1.82;-0.3638745 -76.6017581 244.2 1.82;-0.3639189 -76.6019182 243.2 1.76;-0.3640624 -76.6019019 244.7 1.76;-0.3640108 -76.6018365 251.5 3.846","http://80.241.217.8:8080/ODKAggregate/view/binaryData?blobKey=build_Untitled-Form_1643038052%5B%40version%3Dnull+and+%40uiVersion%3Dnull%5D%2Fdata%5B%40key%3Duuid%3Aaaf082c4-8862-42f4-b5ce-13a4412b8782%5D%2Fpisci_form%3Apisci_foto",,,"Sembró 600 alevines en noviembre 2021"
"uuid:a8e04935-99da-499a-83ac-ac032981d3f4","Antonio","2022-01-26","Anakisga","Elvia Grefa","-0.4189348000","-76.6303285000","254.2000000000","12.4759998322","2",,"1","2",,"150 metros cuadrados","-0.4186313 -76.6305187 254.1 3.62;-0.4186576 -76.6304855 254.1 2.18;-0.4187023 -76.6304697 252.3 2.06;-0.4186604 -76.6304235 249.7 1.933;-0.4186246 -76.6304118 245.1 2.16;-0.4186313 -76.6305187 254.1 3.62","http://80.241.217.8:8080/ODKAggregate/view/binaryData?blobKey=build_Untitled-Form_1643038052%5B%40version%3Dnull+and+%40uiVersion%3Dnull%5D%2Fdata%5B%40key%3Duuid%3Aa8e04935-99da-499a-83ac-ac032981d3f4%5D%2Fpisci_form%3Apisci_foto",,,"Cachama descriada"
"uuid:4d061e2e-fe9c-461e-a2ed-b3f19439bd5a","Antonio","2022-01-26","Anakisga","Estela Grefa (Mayer)","-0.4219588000","-76.6309131000","252.0000000000","7.6999998093","2",,"1","2",,"400 metros cuadrados","-0.4219974 -76.6309597 258.4 5.233;-0.4219679 -76.6310294 252.4 2.26;-0.4219703 -76.6311385 243.4 1.783;-0.4220527 -76.6311564 240.9 1.9;-0.4219974 -76.6309597 258.4 5.233","http://80.241.217.8:8080/ODKAggregate/view/binaryData?blobKey=build_Untitled-Form_1643038052%5B%40version%3Dnull+and+%40uiVersion%3Dnull%5D%2Fdata%5B%40key%3Duuid%3A4d061e2e-fe9c-461e-a2ed-b3f19439bd5a%5D%2Fpisci_form%3Apisci_foto",,,"Cachama de tres en libra"
"uuid:c9258bd2-2cf6-4367-a85f-3305aa92ceda","Antonio","2022-01-26","Anakisga","Nicolás Papa","-0.4156190000","-76.6319125000","223.2000000000","9.0469999313","2",,"1","2",,"250","-0.4155755 -76.6319959 222.0 3.233;-0.4155659 -76.6320001 222.6 2.3;-0.4155066 -76.6319738 223.3 2.4;-0.4154836 -76.6319694 224.4 2.5;-0.4155006 -76.6319511 225.5 2.5;-0.415517 -76.6319566 225.6 2.533;-0.4155446 -76.631931 228.1 2.66;-0.4155755 -76.631995","http://80.241.217.8:8080/ODKAggregate/view/binaryData?blobKey=build_Untitled-Form_1643038052%5B%40version%3Dnull+and+%40uiVersion%3Dnull%5D%2Fdata%5B%40key%3Duuid%3Ac9258bd2-2cf6-4367-a85f-3305aa92ceda%5D%2Fpisci_form%3Apisci_foto",,,"Cachama descriada, ya están cosechando"
"uuid:53e7572b-c272-4e8d-b050-eb834c6db3cf","Antonio","2022-01-26","Anakisga","Alberto Shiguango","-0.4110134000","-76.6340526000","266.7999877930","8.9600000381","2",,"1","2",,"700 metros cuadrados","-0.4108433 -76.6339767 167.9 2.92;-0.4109304 -76.6339327 169.2 2.16;-0.4109535 -76.6340267 170.0 2.3;-0.4108751 -76.63407 172.8 2.5;-0.4107721 -76.6340982 176.2 2.566;-0.4106621 -76.6341373 181.3 2.3;-0.4105368 -76.6341078 186.6 2.283;-0.4105648 -76.63398","http://80.241.217.8:8080/ODKAggregate/view/binaryData?blobKey=build_Untitled-Form_1643038052%5B%40version%3Dnull+and+%40uiVersion%3Dnull%5D%2Fdata%5B%40key%3Duuid%3A53e7572b-c272-4e8d-b050-eb834c6db3cf%5D%2Fpisci_form%3Apisci_foto",,,"No se vio cachama, a quince minutos de la casa"
"uuid:21a4aab4-35ce-4eb4-9d6a-aca831e80913","Antonio","2022-01-26","Asokil","Tomas Grefa Cerda","-0.3856395000","-76.6316386000","277.4000000000","5.8750000000","2",,"1","2",,"400 metro cuadrados","-0.3857042 -76.6316466 274.4 4.452;-0.3857284 -76.6316898 274.0 2.566;-0.3857358 -76.6316032 273.0 2.18;-0.3857119 -76.6314722 270.7 2.14;-0.3856816 -76.6313831 262.7 2.06;-0.3857042 -76.6316466 274.4 4.452","http://80.241.217.8:8080/ODKAggregate/view/binaryData?blobKey=build_Untitled-Form_1643038052%5B%40version%3Dnull+and+%40uiVersion%3Dnull%5D%2Fdata%5B%40key%3Duuid%3A21a4aab4-35ce-4eb4-9d6a-aca831e80913%5D%2Fpisci_form%3Apisci_foto",,,"Estanque con bastante tilapa descriada"
"uuid:70fc71b3-5dcf-48ec-bc44-4bcd52570302","Antonio","2022-01-26","Asokil","Gilberto Grefa","-0.3891800000","-76.6282650000","267.2000000000","12.6999998093","2",,"1","2",,"400 metro cuadrados","-0.3891497 -76.6282923 267.1 3.62;-0.3890961 -76.6282054 263.2 2.433;-0.3889323 -76.6280947 250.8 2.12;-0.3890124 -76.6279761 244.9 2.0;-0.3891497 -76.6282923 267.1 3.62","http://80.241.217.8:8080/ODKAggregate/view/binaryData?blobKey=build_Untitled-Form_1643038052%5B%40version%3Dnull+and+%40uiVersion%3Dnull%5D%2Fdata%5B%40key%3Duuid%3A70fc71b3-5dcf-48ec-bc44-4bcd52570302%5D%2Fpisci_form%3Apisci_foto",,,"Sembraron los alevines de cachama sin preparación del estanque."
"uuid:9bcf45e4-f421-4bf4-a2ea-c11f4b97e02c","Antonio","2022-01-25","Río Jivino (San Jacinto)","Pacarina Aviles","-0.3618938000","-76.6250246000","258.7000000000","2.4400000572","2",,"1","2",,"600 metros cuadrados","-0.3619542 -76.6250077 256.7 1.94;-0.3619545 -76.6249952 254.3 1.68;-0.3619534 -76.6250114 252.0 1.766;-0.3619514 -76.6250669 250.2 1.8;-0.3619484 -76.6251229 248.3 1.8;-0.3619375 -76.6251381 247.1 1.783;-0.3618709 -76.6251395 246.3 1.78;-0.3618018 -76.62","http://80.241.217.8:8080/ODKAggregate/view/binaryData?blobKey=build_Untitled-Form_1643038052%5B%40version%3Dnull+and+%40uiVersion%3Dnull%5D%2Fdata%5B%40key%3Duuid%3A9bcf45e4-f421-4bf4-a2ea-c11f4b97e02c%5D%2Fpisci_form%3Apisci_foto",,,"Tiene tres meses de construida. El agua contiene sedimentos. Mal instalado los desagües"
"uuid:b8822acf-dcc4-4023-b582-e074d2a10d48","Antonio","2022-01-25","Río Jivino comunitaria 2","Río Jivino (San Jacinto) 2","-0.3634571000","-76.6253928000","267.1000000000","2.6600000858","2",,"1","2",,"600 metros cuadrados","-0.3634895 -76.6253898 266.7 2.12;-0.3634739 -76.6253943 265.9 1.766;-0.3634556 -76.6253805 264.8 1.94;-0.3634507 -76.6253439 263.6 1.98;-0.3634632 -76.6252926 262.2 1.883;-0.3635039 -76.6252677 260.4 1.8;-0.3635259 -76.6252601 258.7 1.783;-0.3635691 -76.","http://80.241.217.8:8080/ODKAggregate/view/binaryData?blobKey=build_Untitled-Form_1643038052%5B%40version%3Dnull+and+%40uiVersion%3Dnull%5D%2Fdata%5B%40key%3Duuid%3Ab8822acf-dcc4-4023-b582-e074d2a10d48%5D%2Fpisci_form%3Apisci_foto",,,"Estanque tiene 15 años de la construcción. Nunca demoraron peces"
"uuid:153875ef-7945-4e8b-a086-475da55427ea","jaime","2022-01-24","Limoncocha","Iván Cerda","-0.4066419363","-76.6271529347","263.4788818359","13.9359998703","3","Edificio Gad Parroquial Limoncocha","1","4","San Pedro","200","-0.4069889 -76.6271534 261.20849609375 6.68; -0.406992 -76.627156 260.6572265625 8.482; -0.4069934 -76.6271549 260.6490478515625 7.406; -0.4069936 -76.6271531 260.5897216796875 6.371; -0.4069929 -76.6271518 260.798583984375 6.331; -0.4069933 -76.6271479 2","http://80.241.217.8:8080/ODKAggregate/view/binaryData?blobKey=build_Untitled-Form_1643038052%5B%40version%3Dnull+and+%40uiVersion%3Dnull%5D%2Fdata%5B%40key%3Duuid%3A153875ef-7945-4e8b-a086-475da55427ea%5D%2Fpisci_form%3Apisci_foto",,,"Un formulario de prueba"
"uuid:8cac0a4a-bc83-4322-9ebc-7f6114fe089e","Comunidad Itaya","2022-01-24","Comunidad Itaya","Nixon Tapiy","-0.4226957000","-76.5381279000","272.8226318359","9.1120004654","1",,"2","4","Centro","0","-0.4226703 -76.5380939 264.984619140625 7.504; -0.4226656 -76.5381105 263.8912353515625 8.576; -0.4227598 -76.5380354 258.16070556640625 9.112; -0.4226703 -76.5380939 264.984619140625 7.504","http://80.241.217.8:8080/ODKAggregate/view/binaryData?blobKey=build_Untitled-Form_1643038052%5B%40version%3Dnull+and+%40uiVersion%3Dnull%5D%2Fdata%5B%40key%3Duuid%3A8cac0a4a-bc83-4322-9ebc-7f6114fe089e%5D%2Fpisci_form%3Apisci_foto",,,"Comunidad Itaya"
"uuid:c7470659-579e-42fd-bf17-ee84d0be3118","Jaime","2022-01-25","Río Jivino","Sector Playayaku","-0.3831226000","-76.6375712000","255.4271240234","25.5170001984","3","Centro Playayaku.","1","4","Centro",,"-0.383163 -76.6376282 255.1048583984375 6.968; -0.383163 -76.6376282 255.1048583984375 6.968; -0.3832143 -76.6376628 260.881591796875 7.504; -0.3832143 -76.6376628 260.881591796875 7.504; -0.383163 -76.6376282 255.1048583984375 6.968","http://80.241.217.8:8080/ODKAggregate/view/binaryData?blobKey=build_Untitled-Form_1643038052%5B%40version%3Dnull+and+%40uiVersion%3Dnull%5D%2Fdata%5B%40key%3Duuid%3Ac7470659-579e-42fd-bf17-ee84d0be3118%5D%2Fpisci_form%3Apisci_foto",,,"Comunidad Río Jivino. Sector Playayaku Central. Matías Rodríguez"
"uuid:b1f9568e-acee-465e-af3d-597c8390a98b","Matías R","2022-01-25","Jacinto Rodríguez rio jivino","Piscina recinto  uno","-0.3636156000","-76.6254799000","259.3791503906","8.5760002136","2",,"1","2",,"800","-0.3637494 -76.6253955 272.3985595703125 9.281;-0.3637493 -76.625379 294.96630859375 9.427;-0.363763 -76.6253792 294.96630859375 8.582;-0.3637681 -76.6253687 273.216064453125 9.317;-0.3637658 -76.6253069 282.51611328125 9.064;-0.3637662 -76.6252733 282.51","http://80.241.217.8:8080/ODKAggregate/view/binaryData?blobKey=build_Untitled-Form_1643038052%5B%40version%3Dnull+and+%40uiVersion%3Dnull%5D%2Fdata%5B%40key%3Duuid%3Ab1f9568e-acee-465e-af3d-597c8390a98b%5D%2Fpisci_form%3Apisci_foto",,,"Es una piscina  recinto"
"uuid:15821c3e-9024-42cb-a818-2b86a1d72b87","Jaime","2022-01-25","Río Jivino","Aníbal Rodríguez","-0.3540929000","-76.6382962000","278.3879394531","5.3600001335","2",,"1","2",,"300","-0.3541111 -76.638295 235.28887939453125 7.504;-0.3541018 -76.6382813 235.45489501953125 7.657;-0.353935 -76.6379994 251.168701171875 9.579;-0.3541111 -76.638295 235.28887939453125 7.504","http://80.241.217.8:8080/ODKAggregate/view/binaryData?blobKey=build_Untitled-Form_1643038052%5B%40version%3Dnull+and+%40uiVersion%3Dnull%5D%2Fdata%5B%40key%3Duuid%3A15821c3e-9024-42cb-a818-2b86a1d72b87%5D%2Fpisci_form%3Apisci_foto",,,
"uuid:515da4c7-520c-46e2-a120-c59183383fa4","Jacob Chango","2022-01-26","Asokilc","Gustavo Ashanga","-0.3954639000","-76.6269028000","262.6666259766","4.2880001068","2",,"1","2",,"400","-0.3953774 -76.6269743 245.2520751953125 9.156;-0.3953861 -76.6269684 245.92449951171875 8.001;-0.3956782 -76.6273032 245.2755126953125 9.233;-0.3953774 -76.6269743 245.2520751953125 9.156","http://80.241.217.8:8080/ODKAggregate/view/binaryData?blobKey=build_Untitled-Form_1643038052%5B%40version%3Dnull+and+%40uiVersion%3Dnull%5D%2Fdata%5B%40key%3Duuid%3A515da4c7-520c-46e2-a120-c59183383fa4%5D%2Fpisci_form%3Apisci_foto",,"http://80.241.217.8:8080/ODKAggregate/view/binaryData?blobKey=build_Untitled-Form_1643038052%5B%40version%3Dnull+and+%40uiVersion%3Dnull%5D%2Fdata%5B%40key%3Duuid%3A515da4c7-520c-46e2-a120-c59183383fa4%5D%2Fpisci_form%3Apisci_video","El nivel de agua está baja y no se observo los peces"
"uuid:a875c662-70b1-4e3d-862c-d5793d521918","Jaime","2022-01-26","Asokil","Rosario Lanza","-0.3855855000","-76.6294727000","295.0844726563","12.8640003204","2",,"1","2",,"500","-0.3855513 -76.6294712 278.31787109375 5.494;-0.3854503 -76.629612 265.460205078125 9.213;-0.3854406 -76.6296514 263.8311767578125 8.57;-0.3855513 -76.6294712 278.31787109375 5.494","http://80.241.217.8:8080/ODKAggregate/view/binaryData?blobKey=build_Untitled-Form_1643038052%5B%40version%3Dnull+and+%40uiVersion%3Dnull%5D%2Fdata%5B%40key%3Duuid%3Aa875c662-70b1-4e3d-862c-d5793d521918%5D%2Fpisci_form%3Apisci_foto",,,"Hay tilapia, sardina. Parece que no dan de comer"
"uuid:f961bd79-775d-4fda-b1a1-ef0ba5a38c0f","Jaime","2022-01-26","Asokil","Clara Calapucha","-0.3888137000","-76.6281254000","263.4825439453","7.5040001869","2",,"1","2",,"400","-0.3888191 -76.6281553 263.8575439453125 9.64;-0.3889883 -76.6281772 266.453857421875 9.115;-0.3889671 -76.6281809 263.534423828125 8.611;-0.3889478 -76.6281556 264.64739990234375 8.803;-0.3887711 -76.6280826 265.7760009765625 9.996;-0.3887433 -76.628143 ","http://80.241.217.8:8080/ODKAggregate/view/binaryData?blobKey=build_Untitled-Form_1643038052%5B%40version%3Dnull+and+%40uiVersion%3Dnull%5D%2Fdata%5B%40key%3Duuid%3Af961bd79-775d-4fda-b1a1-ef0ba5a38c0f%5D%2Fpisci_form%3Apisci_foto",,,"Va a preparar el estanque y recibir 300 alevines"
"uuid:2f75548d-dd61-414a-9843-51485af2b7ba","Jaime","2022-01-26","Puerto de Palos","Félix Andi Presidente","-0.4272886000","-76.6210359000","244.3092041016","27.8929996490","3","Asociación Puerto de Palos","2","4","Centro de referencia","100","-0.4271858 -76.6210914 249.80810546875 4.288;-0.4272034 -76.6211026 254.88824462890625 7.428;-0.4272071 -76.6209895 260.77459716796875 8.488;-0.4271414 -76.620974 260.4849853515625 7.303;-0.4270588 -76.6210035 260.765380859375 7.036;-0.4270497 -76.6210823","http://80.241.217.8:8080/ODKAggregate/view/binaryData?blobKey=build_Untitled-Form_1643038052%5B%40version%3Dnull+and+%40uiVersion%3Dnull%5D%2Fdata%5B%40key%3Duuid%3A2f75548d-dd61-414a-9843-51485af2b7ba%5D%2Fpisci_form%3Apisci_foto",,,"Punto referencial de la Asociación.  Tiene 20 socios, 15 aspirantes"
"uuid:fa197357-f74d-4476-a5df-187b684c0020","Elisa Tapuy","2022-01-24","Itaya","Elisa Tapuy","-0.4237610000","-76.5352842000","283.9990234375","9.6479997635","2",,"1","2",,"250",,,,,
